"","B cell","Macrophage M1","Macrophage M2","Monocyte","Neutrophil","NK cell","T cell CD4+ (non-regulatory)","T cell CD8+","T cell regulatory (Tregs)","Myeloid dendritic cell","uncharacterized cell"
"TCGA-ER-A19B-06A-11R-A18S-07",0,0.0912670797789792,0,0.759829312306164,0,0.108708801148082,0,0,0.0401948067667742,0,2.22044604925031e-16
"TCGA-ER-A2NC-06A-11R-A18T-07",0.0102115093615908,0,0.092712335143737,0.469701399444843,0,0.121195829194892,0.0468146803085662,0,0.0318703037750123,0,0.227493942771358
"TCGA-ER-A2NH-06A-11R-A18S-07",0,0.0504195190901819,0,0.541524756054517,0,0.0572792654425778,0,0.317822327064675,0.0329541323480479,0,0
"TCGA-FS-A4F0-06A-11R-A24X-07",0.00670026102836162,0,0,0.675959824708851,0,0.0972153200709384,0,0,0,0,0.220124594191849
"TCGA-FR-A44A-06A-11R-A24X-07",0.020542714110735,0.17811309650935,0.0333602345955582,0.159777577396416,0,0.026496393988071,0,0.225330716572039,0.0333317729507002,0,0.32304749387713
"TCGA-HR-A2OH-06A-11R-A18U-07",7.09760389774298e-05,0.12706940696397,0,0.445412589674376,0,0.0348116126196402,0,0.392635414703036,0,0,1.11022302462516e-16
"TCGA-D3-A2JF-06A-11R-A18S-07",0.0681374496438029,0,0,0.422262750897944,0,0.0824428548785138,0,0.0397801264028279,0.0580441054640441,0,0.329332712712868
"TCGA-FW-A3R5-06A-11R-A239-07",0.0381451203048036,0.00631577986784514,0.00513594995574981,0.193512212812379,0,0.0272472523556257,0.041402318107795,0.00464367985271781,0.0187418314238504,0,0.664855855319234
"TCGA-D3-A3CC-06A-11R-A18S-07",0.0307852678633502,0,0.128230422647936,0.148952838697895,0,0.0350579931529135,0,0,0.0094657190300183,0.0459964048048022,0.601511353803085
"TCGA-EB-A5VV-06A-11R-A32P-07",0.39505292331053,0.0157479714920227,0.0505100695649267,0,0,0.0179289826394676,0.377818803223086,0.0708599083613081,0.0572995117804706,0.0147818296281883,0
"TCGA-DA-A1HY-06A-11R-A18T-07",0.0117825623154505,0.567482585773378,0,0,0,0.0285285031599072,0,0,0.0160855026592181,0,0.376120846092046
"TCGA-ER-A19O-06A-11R-A18S-07",0.0284031398575633,0.0887514912838471,0.119676672377506,0,0.0682037904089282,0.0104515199369915,0.112753127388231,0.0270765078132704,0.0443189670248306,0.0127285690850363,0.487636214823795
"TCGA-EE-A2GN-06A-11R-A18S-07",0.0189215755392964,0,0,0.653260643655581,0,0.0883659482772785,0,0,0,0,0.239451832527844
"TCGA-EE-A20I-06A-11R-A18U-07",0.0262868199622023,0.0271729302856021,0.0139083803700346,0.205708786667629,0.100884887649056,0.0200222410486052,0.107386610496428,0.0135715442820014,0.023857324852771,0,0.46120047438567
"TCGA-D3-A51T-06A-11R-A266-07",0.0260605124251346,0.0187722981062997,0.00937516899748725,0.105179339996607,0.147825502669309,0.0262249264025473,0.0148088223751749,0.00676875488187463,0.0209215268582251,0,0.62406314728734
"TCGA-FW-A3TU-06A-11R-A239-07",0.013065554500329,0.011773091150319,0.0378795141395988,0.150544239727259,0,0.0260978133416975,0.0235487992635726,0.00473745575833297,0.0374749533205326,0.0111930377466502,0.683685541051709
"TCGA-D3-A8GR-06A-11R-A37K-07",0.00368311305418395,0,0.029194187803689,0.0265718076230787,0.136213985104801,0.010122993397778,0.0331998036486823,0,0.00891808055359909,0.000150184927973895,0.751945843886215
"TCGA-EB-A6L9-06A-11R-A32P-07",0.1098388111181,0.01340209389578,0.0570451991000683,0.0303605718279507,0.0238246762873698,0.00215848082606946,0.23267062387133,0.0502216124753327,0.0632090900641684,0.0313921803403394,0.385876660193491
"TCGA-D3-A3CF-06A-11R-A18T-07",0.0862686863336584,0.00139460849673448,0.0455987894810567,0.232678074556296,0,0.0295337048168577,0.0351120928138683,0.0287852920297874,0.0757991723298005,0,0.464829579141941
"TCGA-FR-A7U9-06A-11R-A352-07",0.00728308873982549,0.0216948886127584,0.0403997436296729,0,0.164380881283026,0.0124109324142318,0,0.0102906023220334,0.0375709121985684,0.0124817525425358,0.693487198257348
"TCGA-EE-A2GK-06A-11R-A18S-07",0.485760974719717,0.019434514752252,0.0505757792893955,0,0.00551105873469503,0.0184880094820968,0.283449812493619,0.0567259515175803,0.0547445813543997,0.0253093176562443,0
"TCGA-EE-A3JB-06A-11R-A21D-07",0.0114022462142384,0.0402703688974038,0.0322461333333902,0.347045707596893,0,0.0561250747638541,0,0,0.0337716139790636,0,0.479138855215157
"TCGA-QB-AA9O-06A-11R-A39D-07",0.0199251525531657,0.0165257277799816,0.0652603639096257,0.0295301796130488,0.0547752523818363,0.0183633459467252,0,0.0547522460696706,0.0203400260019549,0.0158087609790495,0.704718944764942
"TCGA-FW-A3TV-06A-11R-A239-07",0.0287462357229589,0,0,0.339331076415444,0,0.0389282629789567,0,0.0160199840723892,0.00822161031080075,0,0.56875283049945
"TCGA-EE-A3AF-06A-11R-A18S-07",0.013761400397981,0.0260803271686988,0.0398754514512457,0.0309801360382095,0.255575786300101,0.0104883959185523,0.0329735965123722,0.0144946475499281,0.00474723362329172,0,0.57102302503962
"TCGA-D3-A2JO-06A-11R-A18S-07",0.117366941727743,0.0650964745577922,0.00139888526600154,0.0648196222989721,0.0920165035230121,0.0086482387958859,0.503056887086382,0.0724269229871434,0.0751695237570683,0,0
"TCGA-FS-A1ZA-06A-11R-A18T-07",0.0220544966973184,0,0,0.53464504419671,0,0.0850714135118385,0,0.00255250267864356,0.0098769211685835,0,0.345799621746906
"TCGA-D3-A1Q6-06A-11R-A18T-07",0.0143172691739722,0.198978515685519,0,0,0,0.0579038406200912,0,0,0.050817264028743,0,0.677983110491674
"TCGA-FR-A8YD-06A-11R-A37K-07",0.00480729738251648,0,0.000168972077519297,0.245923954832357,0.0766657724406376,0.0399865407687732,0,0,0,0,0.632447462498196
"TCGA-GN-A266-06A-11R-A18T-07",0.026988770673742,0.0447752321890792,0.0111525181509101,0.586770902556282,0,0.120569655699157,0,0.0409660574041845,0.069748789002487,0,0.0990280743241588
"TCGA-EE-A184-06A-11R-A18S-07",0.0270588556995693,0.0299895325953385,0.0298001650012265,0.00952726782447303,0.125575475506663,0.0177943225678802,0.0634731768400709,0.0218164104562537,0.0110129247165667,0.0525857872487445,0.611366081543214
"TCGA-ER-A193-06A-12R-A18S-07",0.0190813881828586,0.0589598979128609,0.0894723511591046,0.109302573313371,0.0261304250262023,0.0333618884731141,0,0.0773234524853596,0.0335973443081682,0,0.55277067913896
"TCGA-ER-A42K-06A-11R-A24X-07",0.0597103372063707,0,0,0.813347622137759,0,0.0945363803635049,0,0,0,0,0.0324056602923656
"TCGA-RP-A694-06A-11R-A311-07",0.0165078198836248,0.0198419746257118,0.0137074360788254,0.0685837631576759,0.205093287616321,0.031122486526164,0,0.0103823464777877,0.0139765158726128,0.0312767095889053,0.589507660172371
"TCGA-EE-A17Y-06A-11R-A18T-07",0,0,0,0.570994701132912,0,0.0911122610131956,0,0,0.0147736695900125,0,0.32311936826388
"TCGA-EE-A20C-06A-11R-A18S-07",0.0322076091002504,0,0.0230307644144294,0.258162272610627,0,0.0469321519303575,0,0,0.00894838942955213,0,0.630718812514784
"TCGA-DA-A95V-06A-11R-A37K-07",0.0246800199783002,0.0363996926050292,0.0257016309421279,0.0907136694733896,0,0.0118550757670866,0.0276115226239622,0.0386284334438697,0.0181633594093753,0.0452843789718682,0.680962216784991
"TCGA-D3-A2JE-06A-11R-A37K-07",0.0197223308197795,0,0,0.50336587707644,0,0.10807390073803,0,0,0.0178944581943574,0,0.350943433171394
"TCGA-DA-A1I8-06A-11R-A18T-07",0,0.109365635866454,0,0.484600769435546,0,0.0689611057605747,0,0,0.00466399587348623,0,0.332408493063939
"TCGA-D3-A2JD-06A-11R-A18T-07",0.0851339448206067,0.00165141498957942,0.0142799890562576,0.151653010012642,0,0.00884453175581917,0.212766523437418,0.0107313557277465,0.0540048710885323,0,0.460934359111399
"TCGA-ER-A3ET-06A-11R-A20F-07",0.033346767145208,0.0882935409676253,0.108847421970321,0.24728154594407,0.0158173575205966,0.0383767533835268,0,0,0.0314150061534031,0,0.436621606915249
"TCGA-D3-A5GR-06A-11R-A27Q-07",0.0845394774719112,0.0759610995427256,0,0.338792869825604,0,0.0500708654724387,0,0.0205429054439534,0.0560107008645809,0,0.374082081378787
"TCGA-D3-A3MR-06A-11R-A21D-07",0.045134500981085,0.0447494308784225,0.00807975004417953,0.175732435385727,0.133899798646094,0.04540984445161,0,0.103341448873398,0.0397895760205368,0,0.403863214718947
"TCGA-WE-A8ZX-06A-11R-A37K-07",0.0219173178659611,0.0288197657271786,0.00256514860949302,0.323951101474352,0,0.0519298476257457,0,0.0674696786133069,0.0258534424711001,0,0.477493697612863
"TCGA-D9-A149-06A-11R-A18S-07",0.0423777451382581,0.018978666544189,0.0266422102165849,0.267215222446728,0,0.024076686408839,0.136422296032834,0.0332873534901155,0.0241497388450766,0,0.426850080877375
"TCGA-EE-A29V-06A-12R-A18S-07",0.00779935255488148,0.00831346327811244,0.0273071703966345,0.117125320200305,0.103095313721579,0.0209367513905597,0.0614639604123237,0,0.00920565231663507,0.0457751808439258,0.598977834885043
"TCGA-EE-A2GP-06A-11R-A18S-07",0.048799546888301,0.0108593676666161,0.0533035541124092,0.331821566870299,0,0.0561378481800308,0,0,0.0373642817606108,0,0.461713834521733
"TCGA-GN-A4U7-06A-21R-A32P-07",0.0287086451455737,0,0,0.0929572284158327,0.023556214700412,0.00802394881546316,0.188398555118096,0,0.021302760744718,0,0.637052647059905
"TCGA-D3-A51F-06A-11R-A266-07",0.00745606465830754,0.144591848785847,0.0137292393242747,0.278241032094563,0,0.0314551292154152,0,0.524526685921592,0,0,0
"TCGA-WE-A8K5-06A-11R-A37K-07",0.0231386055617352,0,0,0.305079431443143,0,0.0585380904668852,0.0255698551578751,0.0199525924629089,0.0272071547298393,0,0.540514270177613
"TCGA-DA-A1IA-06A-11R-A18S-07",0.0383525475046668,0,0,0.342842236173291,0,0.0293029250338088,0.283672568973745,0,0.0229688621641488,0,0.28286086015034
"TCGA-EE-A2GU-06A-11R-A18T-07",0.0457036435144622,0.0403222759388197,0.0262293206133702,0.164403287108112,0.163850395345244,0.0276194739212726,0.0598302660711939,0.102537153796409,0.0375398610509751,0,0.331964322640141
"TCGA-FS-A1ZJ-06A-12R-A18S-07",0.0140490699033761,0,0,0.32765261182113,0,0.0498014891242741,0,0.0155995374344396,0.0117805630601781,0,0.581116728656602
"TCGA-EE-A29X-06A-11R-A18T-07",0.023780755132963,0.142692837019274,0.0305313053635818,0.276440951401716,0,0.0379829574405108,0.00968546087432052,0.0219014955656759,0.0439440995209316,0,0.413040137681027
"TCGA-EE-A2GM-06B-11R-A18S-07",0.00611702030532008,0,0,0.705152352109179,0,0.0897887413629116,0,0,0,0,0.19894188622259
"TCGA-D3-A1Q3-06A-11R-A18T-07",0.043739808726151,0,0.0275900318625346,0.171068366591294,0,0.0415980660684732,0.0725153153011529,0.0299957003531699,0.040509561152853,0.0250937847464573,0.547889365197914
"TCGA-GN-A9SD-06A-11R-A40A-07",0.100114959162361,0,0,0.330928281469135,0.127226243274888,0.03755827574945,0.127534610202299,0.0500017873511234,0.047118614285263,0,0.17951722850548
"TCGA-D3-A3ML-06A-11R-A21D-07",0.013323527024019,0,0.00174338841816123,0,0.280558300960235,0.0217071854270487,0.0272876813927843,0,0.007532302656837,0.0245765066235981,0.623271107497317
"TCGA-FS-A1ZW-06A-12R-A18T-07",0.0765569386942144,0.0239154289953649,0.0169391715245583,0.264001098633315,0,0.0473993892855363,0,0.0513413720224519,0.0268057708894218,0,0.493040829955138
"TCGA-FS-A4F8-06A-11R-A266-07",0.0980091675127421,0.00663972613014358,0.0487899417319699,0.0829611188047516,0.0452059456493955,0.0212071049647815,0.222187472061931,0.0520538219852373,0.0507014877401002,0.0177964003993935,0.354447813019553
"TCGA-W3-A825-06A-11R-A352-07",0.018187157889046,0.016123477298103,0.00213457166399551,0.435453558087662,0,0.0687611791992306,0,0.0709758437398277,0.0372490092195878,0,0.351115202902548
"TCGA-GN-A267-06A-21R-A18T-07",0.0178362937566049,0,0.00490119687360171,0.18451952924265,0,0.0267385927332178,0,0.0491225864657314,0.0139316447484296,0,0.702950156179764
"TCGA-D3-A8GQ-06A-11R-A37K-07",0.033440324972177,0.0738444791432873,0,0.122338544159833,0.015636080055916,0.0645426708495259,0.0116319934137693,0.00499019574293922,0.0512081434199733,0.0164980293351064,0.605869538907472
"TCGA-EE-A3JA-06A-11R-A20F-07",0.0222652650508719,0.00484389120924396,0.0211710447536578,0,0.364376041530858,0.0219884487108581,0.00312448994528427,0.0168544712821197,0.0175292040717612,0.0124913700628185,0.515355773382527
"TCGA-GF-A6C9-06A-11R-A311-07",0.133873243423991,0.0631769642017023,0.0609163596338324,0.201753300136554,0,0.0451792451226499,0,0.0217181730595172,0.0342957209366825,0,0.439086993485071
"TCGA-ER-A19A-06A-21R-A18U-07",0.0227026882736271,0.168937878535918,0.0994047754241732,0.157259373923375,0.0807990785854148,0.0395175684686803,0,0.121790061887561,0.107105331961708,0,0.202483242939543
"TCGA-EE-A2GE-06A-11R-A18T-07",0.0298830102815886,0.15927588654863,0.0232113400950889,0.368999951131339,0,0.0426867079758593,0,0.148009053441269,0.039886804266528,0,0.188047246259697
"TCGA-D3-A51G-06A-11R-A266-07",0.0293127050610629,0,0,0.626067011843717,0,0.113669965084022,0,0.0159066639695077,0.0268223967605335,0,0.188221257281157
"TCGA-EE-A29A-06A-12R-A18U-07",0.0263810150516324,0,0,0.446246995817672,0,0.0967453744637905,0,0,0.0324533360751708,0,0.398173278591735
"TCGA-W3-AA21-06A-11R-A38C-07",0.0149447163975422,0.0385269223754097,0.00770976947943995,0.0960067204975001,0.00468218642048645,0.0280515404157452,0.0256875822876268,0.00511486475803456,0.0195153263588204,0,0.759760371009395
"TCGA-FS-A1ZP-06A-11R-A18T-07",0.0480218549701069,0,0,0.498521471905778,0,0.0900934005530822,0.0483463339219882,0.00192571323580008,0.0297534166285678,0,0.283337808784676
"TCGA-D3-A51H-06A-12R-A266-07",0.463162948479307,0.0267366825254666,0.0245768970970504,0,0.147650705763675,0.0194233977443128,0.101565996198337,0.0259634637435803,0.0734427910482279,0.0447031527760303,0.072773964624013
"TCGA-W3-AA1R-06A-11R-A39D-07",0.0167264174465818,0.0161423539707967,0.0105599724153268,0,0.216121572181682,0.00401203957642673,0.0452787964660171,0.00816998777522993,0.0110265486367238,0,0.671962311531215
"TCGA-W3-AA1W-06A-11R-A38C-07",0.0245886548084092,0.144622434240959,0.0121819064870292,0.225909937710744,0,0.0209840764146621,0,0.424736527408356,0.056629357675456,0,0.0903471052543843
"TCGA-EE-A2MP-06A-11R-A18S-07",0.0251380158938496,0.0291904812211092,0.00674656298111045,0.369062124012707,0,0.0570727383939322,0,0.0603145214350199,0.0244083095364889,0,0.428067246525783
"TCGA-ER-A19Q-06A-11R-A18U-07",0.0223923523712863,0.080220668747616,0.0396585013568731,0.123608978311625,0.114834977103004,0.0129292365052234,0.111038671546956,0.0262515091095775,0.0237385692425242,0.00706319488771692,0.438263340817598
"TCGA-EE-A2GD-06A-11R-A18T-07",0,0.0356083848479922,0.019944419378552,0.675227573403827,0,0.082821974590804,0,0,0.00934298951940649,0,0.177054658259418
"TCGA-EE-A2M8-06A-12R-A18S-07",0.0515624671545393,0.0584006385650508,0.0255153240349841,0.297222352911869,0,0.0233681068569472,0,0.366450526824715,0.0753190474602721,0,0.102161536191623
"TCGA-EE-A17X-06A-11R-A18S-07",0.016246796540633,0.00493858484808023,0.0377744102174441,0,0.0620811980264115,0.00692942232057041,0.065170156706429,0.000955908218931237,0.0264462518207512,0.0482001341404715,0.731257137160278
"TCGA-D3-A8GD-06A-11R-A37K-07",0.114933411491345,0.0393629000159967,0.0209269358322439,0.148965427490963,0.123118245310077,0.0310564819672719,0.00131390240428871,0.0941467170756604,0.0957560466430328,0,0.330419931769122
"TCGA-DA-A1IC-06A-11R-A18S-07",0.0377701619703475,0,0.0286061339066927,0.22886145858983,0.0966844742846536,0.0313931907990997,0.136260619726679,0.00627820625940691,0.0188705548948617,0,0.415275199568428
"TCGA-D3-A5GU-06A-11R-A27Q-07",0.0141697261580807,0,0,0.605383326219347,0,0.117559572192616,0,0.034526663398425,0.0408092956293148,0,0.187551416402217
"TCGA-EE-A29E-06A-11R-A18T-07",0.0114222229394093,0.00340265334990787,0,0.290749572253836,0,0.0317501182916762,0,0,0.0848886398180757,0,0.577786793347095
"TCGA-EE-A2MJ-06A-11R-A18S-07",0.0962351225358808,0.0554072963311152,0.0290439206554573,0.145902504852242,0.00473002631055018,0.0171421571678692,0,0.13618898840835,0.0755005816789439,0.00651929549318579,0.433330106566405
"TCGA-D3-A51E-06A-11R-A266-07",0.0155411297769844,0.110475259271731,0,0.158847948574617,0.0138358728499747,0.034941093002051,0,0.051869026872907,0.041853582220948,0,0.572636087430787
"TCGA-GN-A4U3-06A-11R-A32P-07",0.0241929142659832,0.0630899813404622,0.0103885731529521,0.259043930739755,0,0.0373916307775818,0.0314163716438715,0,0.0270323778516526,0,0.547444220227742
"TCGA-FW-A5DY-06A-11R-A311-07",0.205493872023777,0.0354895754903343,0.0226047320078174,0.162463562550238,0,0.0323340026418331,0.121043124685891,0.0381396501895736,0.0334279192952332,0,0.349003561115303
"TCGA-D3-A3MO-06A-11R-A21D-07",0.0261969878103468,0,0,0.377351657946304,0,0.0895401342199897,0,0,0.0234399893880745,0,0.483471230635285
"TCGA-LH-A9QB-06A-11R-A38C-07",0.0554440742694609,0,0,0.479458436667498,0,0.105614705616351,0,0,0,0,0.35948278344669
"TCGA-EE-A3AH-06A-11R-A18S-07",0.0237745030363246,0,0,0.870791790623199,0,0.105433706340476,0,0,0,0,0
"TCGA-FS-A1ZC-06A-11R-A18T-07",0.0271130371102315,0,0,0.546039253991131,0,0.111201182219095,0,0,0.0305592558560934,0,0.285087270823449
"TCGA-GN-A4U9-06A-11R-A32P-07",0.0124563887220127,0.0305145681502588,0,0.0166058607583477,0.0263103902780623,0.0527513541640548,0.0878057134735853,0.000605497090172715,0.02255928861174,0.0618201394304227,0.688570799321343
"TCGA-GN-A262-06A-11R-A18T-07",0.00557585764794965,0,0.0070874258899044,0.328208351478993,0,0.0592769245297847,0.0335163397763113,0,0.00581460126766795,0,0.560520499409389
"TCGA-FS-A1ZS-06A-12R-A18T-07",0.0132171144390492,0.0240933583536344,0.0158552128758232,0,0,0.0543475666291176,0.0166287605505108,0,0.0399199229285513,0.0707117669746029,0.76522629724871
"TCGA-ER-A3EV-06A-11R-A20F-07",0.0177151698618661,0.00531624168821111,0.00732755414337186,0.235187396044459,0.0332054532406953,0.0420515464694318,0,0.0303548079507871,0.0178639909206658,0,0.610977839680512
"TCGA-FS-A1ZT-06A-11R-A18U-07",0.0527124117743351,0.0326525896457402,0.00629143370235636,0.186015185978724,0.0404623979344624,0.0339088161687582,0,0.0521813644205203,0.0443600985718621,0.0314805895869774,0.519935112216264
"TCGA-D3-A2JG-06A-11R-A18T-07",0.0101617517955214,0.0213972399557801,0.012255945200587,0.0943095626160728,0.116802224369652,0.0243962752291273,0,0,0.0106669642290318,0,0.710010036604228
"TCGA-HR-A2OG-06A-21R-A18U-07",0.0498217894811357,0.0715854183884676,0.0313302101734871,0.310602614307328,0,0.040691823646372,0,0,0.0242482735838882,0,0.471719870419321
"TCGA-FS-A4F4-06A-12R-A266-07",0.0243093727652604,0,0.0429916296849482,0.217676112223169,0,0.0245121586970939,0,0.0241946613491469,0.014751733236349,0,0.651564332044033
"TCGA-ER-A198-06A-11R-A18T-07",0.0197248626816548,0.0140195359576366,0.0387448586898676,0.0286989118951247,0.282234428254545,0.0181677346030868,0.0258806622845857,0.00199959914322974,0.0245381098455807,0.00799615060351036,0.537995146041178
"TCGA-DA-A1I0-06A-11R-A20F-07",0.0212420268419717,0.0155636845827909,0.0237403621500836,0.106742829185923,0,0.013998750144122,0.118518336705588,0.00937586625298967,0.0207931016830055,0.0133105137628187,0.656714528690706
"TCGA-FS-A1Z0-06A-11R-A18T-07",0.0439660176102456,0,0,0.417806421155946,0.0962357049831281,0.0740858090663396,0,0.058628845377662,0.0317399352241481,0,0.277537266582531
"TCGA-FS-A1ZH-06A-11R-A18T-07",0.0687921653423903,0.0463858543233336,0,0.333429692454743,0,0.0678703559263832,0,0.0448640197283792,0.0538685185182598,0,0.384789393706511
"TCGA-GN-A4U8-06A-11R-A32P-07",0.0596238075357271,0.0339217089962835,0.0271302959905418,0.179293358771963,0,0.0439088258272361,0,0.0766381270084682,0.0540864906798888,0.00461914748708144,0.52077823770281
"TCGA-EB-A5SH-06A-11R-A311-07",0.0539332745918993,0,0,0.29118779995039,0,0.0597622160655148,0.119915887216371,0.000762791763266572,0.0230596787515682,0.00636010307439766,0.445018248586592
"TCGA-D3-A1Q8-06A-11R-A18T-07",0.0328926055245953,0.0134653491590944,0.00707810562675196,0.628099338669636,0,0.113382110293553,0,0,0.0578347034574291,0,0.14724778726894
"TCGA-GN-A268-06A-11R-A18T-07",0.0216059943282294,0,0.0042278821886564,0.221551194490899,0.0666478101878127,0.030999494425235,0.0700682517434472,0,0.010325458118498,0,0.574573914517223
"TCGA-D3-A5GS-06A-11R-A27Q-07",0.0352484705132393,0.0176470530915601,0,0.405021335544832,0,0.0609425939788263,0,0.0420966358624287,0.0265271505386402,0,0.412516760470473
"TCGA-ER-A19T-06A-11R-A18U-07",0.00666696884687212,0,0.0652930712743669,0.505118929786973,0,0.0844127168914171,0,0,0.00852982641426392,0,0.329978486786107
"TCGA-EE-A2MN-06A-11R-A18S-07",0.0376050841621149,0.0526550348103177,0.0181736808728061,0.209724277487912,0.0343853413648439,0.030475181287885,0,0.0608219575166954,0.0331330881078293,0.00856817173212722,0.514458182657468
"TCGA-EE-A29M-06A-11R-A18T-07",0.0158003873378957,0.0115283553295653,0.0247618173618499,0,0.400844653004672,0.00710529637450948,0,0.0163304871909832,0.0201273827737668,0,0.503501620626758
"TCGA-EE-A2ML-06A-11R-A18S-07",0.0312029400332411,0.147121957773452,0.021953096306546,0.336023686294336,0,0.0459622997321356,0,0.0574375586702236,0.0594571874398773,0,0.300841273750189
"TCGA-GN-A8LK-06A-11R-A37K-07",0.00798188145388462,0,0.0288919206037202,0.0369053172997683,0,0.0117597762067783,0.0701478617639116,0,0.00794354653338695,0.063468379049907,0.772901317088643
"TCGA-D3-A3MV-06A-11R-A21D-07",0.00750888037068278,0,0,0.594384699919203,0,0.0761102990003075,0,0,0.00283904761626221,0,0.319157073093544
"TCGA-EE-A20H-06A-11R-A18S-07",0.0152121728093735,0,0,0.510010886866442,0,0.0795973181588632,0,0,0.024287243788357,0,0.370892378376965
"TCGA-BF-AAP0-06A-11R-A39D-07",0.084582600977988,0.0717167319642023,0.0252866799611516,0.288190597504372,0,0.0372801277173269,0,0.151290201567328,0.0832820298774517,0,0.25837103043018
"TCGA-W3-AA1O-06A-11R-A38C-07",0.0172347353626663,0.0027524681784576,0.00648234076399382,0.133583753018221,0.199283290130419,0.0150158679903521,0.0748512343931843,0,0.0126625126365072,0,0.538133797526199
"TCGA-FS-A1Z7-06A-11R-A18T-07",0.0254429572893142,0.0020091458539978,0,0.541627348431154,0.0595414390374748,0.0756216804333566,0,0,0.00154043630970446,0,0.294216992644998
"TCGA-ER-A19C-06A-11R-A18S-07",0.0179327032137428,0.00659323803877676,0.00323216235943159,0.197828073412089,0,0.0284835697481822,0,0,0.0225913419020822,0.0284662554048602,0.694872655920836
"TCGA-Z2-AA3S-06A-11R-A39D-07",0.0409781813783831,0,0,0.304743317291581,0,0.0972730666461999,0.0306261189857748,0.0153025277716563,0.0375260907627352,0.159632170004995,0.313918527158675
"TCGA-EE-A2A6-06A-11R-A18T-07",0.0485421149107859,0.0674548806649446,0,0.471037344678168,0,0.0753876340028408,0,0.0865810397091322,0.0498304738364578,0,0.201166512197671
"TCGA-D9-A6E9-06A-12R-A311-07",0.0135935295754414,0.138025968587115,0.000430884464181125,0.237121786979712,0,0.00756650226009547,0,0.353869641948097,0.0409556818469025,0,0.208436004338455
"TCGA-WE-A8K6-06A-11R-A37K-07",0.0190127440421655,0,0.113714536627172,0.238728807577879,0,0.0447255021383652,0,0,0,0,0.583818409614418
"TCGA-DA-A1I2-06A-21R-A18U-07",0.0211781873498323,0,0,0.441263716187447,0,0.0974873641020527,0,0.0042146105753218,0.0357280696871541,0,0.400128052098192
"TCGA-D3-A8GP-06A-11R-A37K-07",0.0197995039943673,0,0,0.387865936941017,0,0.0626204416220903,0.0931987503261948,0.000718561241017495,0.0150832775094033,0,0.42071352836591
"TCGA-EE-A3AB-06A-11R-A18S-07",0.0037184086069353,0.0700430676556435,0.0174871760556359,0.531090866008112,0,0.0777865480514636,0,0,0.0365708785076011,0,0.263303055114609
"TCGA-FS-A1ZK-06A-11R-A18T-07",0.0188400207513402,0,0,0.134725281401676,0.2724155540139,0.0181937245394979,0.0407850541873685,0,0.00699621212460886,0,0.508044152981609
"TCGA-EE-A2MF-06A-11R-A21D-07",0.0205329146884218,0,0,0.617594537752102,0,0.0986155808793121,0,0.00448776825195661,0.0201481441417617,0,0.238621054286446
"TCGA-D3-A1Q5-06A-11R-A18T-07",0.0372258274682901,0,0,0.340737052794808,0,0.0941452667216831,0,0,0.0669909684686929,0.00331482086894051,0.457586063677585
"TCGA-ER-A19D-06A-11R-A18S-07",0.0607571206878313,0,0.0146608966452395,0.374554543159565,0,0.102262378483838,0.0277165501362446,0.0167990246889045,0.0520723038724002,0,0.351177182325977
"TCGA-D3-A3C7-06A-11R-A18U-07",0.0251524565479596,0.0160961432426677,0,0.475982970979497,0,0.0603064579234885,0,0.0302567876355129,0.0615830887975121,0,0.330622094873362
"TCGA-FR-A3YO-06A-11R-A239-07",0.00506992992395622,0.0451060477916527,0.0233086687491177,0.137856356656856,0.0825377883961156,0.0175214747090919,0.0739733225619116,0,0.00996704180272845,0,0.60465936940857
"TCGA-FS-A1ZF-06A-12R-A18S-07",0.0218114214378035,0,0,0.344063550398432,0,0.0516095345992278,0,0,0.00497797676892835,0,0.577537516795608
"TCGA-D3-A3C8-06A-12R-A18S-07",0.00312767230065024,0.104625888524622,0.0256253635058288,0.189001332081815,0,0,0,0.645206899355697,0.0324128442313863,0,0
"TCGA-D3-A3MU-06A-11R-A21D-07",0.0249677619579303,0.0371014237342307,0.00719872563453794,0.234454170594585,0,0.0342138002430433,0.0605061809928359,0.00611064123008818,0.016755576381849,0,0.5786917192309
"TCGA-EE-A2MR-06A-11R-A18S-07",0.124303011170109,0.0208666941160132,0.0351970868510813,0.311359056867527,0,0.064049860647179,0.286890865732478,0.100818164874324,0.056515259741288,0,2.22044604925031e-16
"TCGA-ER-A2ND-06A-11R-A18T-07",0.00448428825911486,0,0,0.140965677097557,0.176438440177333,0.022905014471423,0,0.00155203216986007,0.0038118516193816,0,0.64984269620533
"TCGA-ER-A2NG-06A-11R-A18T-07",0.00360288223240493,0.110065366278626,0.021268796569641,0,0.34263832324347,0.00928461649103958,0,0.0997713733254083,0.0426678419417599,0.0229147740037477,0.347786025913903
"TCGA-ER-A3ES-06A-11R-A20F-07",0.0414056605583126,0,0.122033305391595,0,0,0.0075735777795736,0.000594322604680599,0,0,0.0350597696259994,0.793333364039839
"TCGA-EE-A180-06A-11R-A21D-07",0.00783545003182661,0,0,0.505088771669569,0,0.0721878724014559,0,0,0.0151415270433817,0,0.399746378853767
"TCGA-FS-A1ZY-06A-11R-A18S-07",0.0270286765274688,0,0,0.431780521574586,0,0.0709384808168799,0.0224116565128242,0,0.0250164337798089,0,0.422824230788432
"TCGA-EE-A2GO-06A-11R-A18S-07",0.0223809186413195,0,0,0.23682503407384,0,0.0836030927953057,0,0,0.213027131000142,0,0.444163823489393
"TCGA-RP-A6K9-06A-41R-A352-07",0.0148475020852401,0,0.211020624493689,0,0.0470703731619457,0.00742304918356191,0,0.055860540626066,0.0161271739578416,0.0081592384483756,0.63949149804328
"TCGA-D9-A148-06A-11R-A18S-07",0.0200309166568195,0.0168296632580849,0.0175209429641016,0,0.129379375159559,0.012008375045593,0.0838762551291986,0.0112337045496913,0.0145712792745064,0.034164155189654,0.660385332772792
"TCGA-EE-A3AD-06A-11R-A18S-07",0.0309315527425882,0.0151740045880249,0.00819296045816946,0.281555192764959,0.0712153692965952,0.0345392681264242,0.0447530387646544,0,0.0208090644365802,0,0.492829548822004
"TCGA-ER-A2NF-06A-11R-A18T-07",0.0260650732377843,0,0.0691937767751909,0,0.074101389431062,0.0024031482902508,0.0237992494467236,0.0288467719175711,0.0074740009180239,0.0135680149708298,0.754548575012564
"TCGA-FS-A1YW-06A-11R-A18T-07",0.0522665602638715,0.0198207255371007,0.0463451859915757,0.137242356220158,0,0.0342461034800333,0,0,0.0289028906351876,0,0.681176177872073
"TCGA-FS-A1ZU-06A-12R-A18T-07",0.00715982605201326,0,0.035064523832609,0.0040123937423567,0.216385864453638,0.0276257014082832,0,0,0,0.0300524282146438,0.679699262296456
"TCGA-GN-A4U4-06A-11R-A32P-07",0.0150966814553605,0.000797675850714782,0.0136003068431126,0.0131336464065813,0.319406384104963,0.0169149514390594,0.0290673946056148,0,0.00943382852147579,0,0.582549130773118
"TCGA-ER-A2NE-06A-21R-A18T-07",0.0381561873904178,0.0155428607946869,0.00222895352640378,0.321441554922594,0,0.0289634543388006,0.27600094294122,0,0.0423660724349802,0,0.275299973650897
"TCGA-EE-A2MM-06A-11R-A18S-07",0.0213108141262768,0,0,0.844541256795252,0,0.119469216209261,0,0,0.0146787128692103,0,0
"TCGA-XV-AB01-06A-12R-A40A-07",0.0361367150280022,0,0,0.386021194245102,0,0.0459426846343666,0,0.0066918354787063,0.0182141149042544,0,0.506993455709569
"TCGA-D3-A8GB-06A-11R-A37K-07",0.0471158326044788,0.0107610677444552,0.0283315342835694,0.102077430038388,0.019159960511833,0.0262904225521504,0,0.0722214810411572,0.0512043944083262,0,0.642837876815642
"TCGA-D3-A5GO-06A-12R-A27Q-07",0.0199529468177944,0.00886552224851063,0.042744925866924,0.305680760057291,0,0.046870817556409,0,0.0217344674400193,0.0280819048659548,0,0.526068655147097
"TCGA-ER-A19L-06A-12R-A18S-07",0,0,0,0.787432479580093,0,0.0981449537224302,0,0,0,0,0.114422566697477
"TCGA-ER-A19W-06A-41R-A239-07",0.0270403276459942,0.0737698180544727,0.0280831564687959,0.402187535119818,0,0.0460637653582241,0,0.236305139213473,0.0835661161659572,0,0.102984141973265
"TCGA-EE-A29Q-06A-11R-A18T-07",0.018984817729318,0,0,0.379504265635092,0,0.0665978078101457,0.0419351178714784,0,0.00939870786315718,0,0.483579283090809
"TCGA-D3-A8GJ-06A-11R-A37K-07",0.0156359392473809,0.0622119644728742,0,0.297503709678401,0.0344543425281639,0.052192912426786,0,0.217141184253314,0.0306993000638036,0,0.290160647329276
"TCGA-FS-A1Z3-06A-11R-A18T-07",0.0296356194268206,0,0,0.522630409626326,0,0.0696338255138534,0,0,0.0134529106301863,0,0.364647234802814
"TCGA-EE-A181-06A-11R-A18S-07",0.0522613786968183,0.0787353741315749,0.0460121692967482,0.142409470820648,0,0.0351273350515611,0,0.0867663687255717,0.0376119505015486,0,0.521075952775529
"TCGA-ER-A19F-06A-11R-A18S-07",0.0347451842241482,0.00311229595080948,0,0.207007827254189,0.0230946015589791,0.0389625678246898,0.162790007543215,0.00204296123270635,0.0253313091164282,0.0333002829424968,0.469612962352338
"TCGA-D3-A51N-06A-11R-A266-07",0.0161434485877976,0.0846127564903468,0.0243635198407691,0.206077219573146,0,0.0341114929754303,0,0.00801848527891036,0.0312072356564866,0,0.595465841597114
"TCGA-FS-A4F9-06A-11R-A24X-07",0.019401077875849,0.00754169445636005,0.0222378602365901,0,0.266611331377912,0.0173440032802133,0,0,0.0146348216624622,0.00514381929885011,0.647085391811763
"TCGA-D3-A2JN-06A-11R-A18S-07",0.0310643859932055,0.00477974960700638,0.0302167763739206,0.208402037551751,0,0.0475393712206414,0,0.0525652753588974,0.0246119861213343,0.115017810594852,0.485802607178391
"TCGA-EE-A2GC-06A-11R-A18T-07",0.0332283530448072,0.0480508738224537,0.012757227505841,0.20211261806785,0,0.0627164872960126,0,0.0785594610496538,0.119049625826133,0.0326877857101317,0.410837567677117
"TCGA-D3-A51R-06A-11R-A266-07",0.059749445952278,0,0.0204134727844524,0,0.0197662907246647,0.0504042340359552,0.0145874322328936,0,0.0231158754520362,0.0764767799658137,0.735486468851906
"TCGA-EE-A3JH-06A-11R-A21D-07",0.0655692877741766,0.0725733913054136,0.0851149684064358,0.122374114616395,0,0.0157038961387577,0,0.159589634810445,0.0986950670567459,0,0.380379639891631
"TCGA-D3-A2JL-06A-11R-A18S-07",0.0200814891556484,0.0275440453024133,0.0331409667541099,0.0856261332344928,0.0985163301149549,0.0137523936925336,0.0181302821242023,0.0934375675452077,0.0233943877967613,0,0.586376404279676
"TCGA-D3-A3C1-06A-12R-A18S-07",0,0,0,0.910070586057364,0,0.0899294139426364,0,0,0,0,0
"TCGA-FS-A1ZZ-06A-11R-A18S-07",0.0209373870563378,0,0,0.560350998581241,0,0.0954344688481612,0,0,0.00165749414325161,0,0.321619651371008
"TCGA-D3-A2JA-06A-11R-A18T-07",0.0135533468594429,0,0,0.764618884116047,0,0.164144794458055,0,0.00421588463079287,0.0418480493767902,0,0.0116190405588728
"TCGA-EE-A2MK-06A-11R-A18S-07",0.0441237469458452,0.147753993866511,0,0.354905499285545,0,0.064194905876902,0,0.0669229419193875,0.0322785295310111,0,0.289820382574798
"TCGA-FW-A3I3-06A-11R-A21D-07",0.0210458086514819,0,0.0355329357861196,0.0632823000468894,0.0789771977251438,0.0447098534346998,0.0736443935736848,0.00012687468099454,0.0210788322756154,0.0836351275305881,0.577966676294783
"TCGA-D3-A8GM-06A-11R-A37K-07",0.0284153458753875,0.0225223140529147,0.0251477383453714,0.175459852822038,0,0.023067208400452,0,0.0270711282942938,0.0646979043826406,0.0294531441345775,0.604165363692325
"TCGA-EB-A5SG-06A-11R-A311-07",0.0325338112108093,0.102505672577498,0.0363877329897523,0.0907949090210264,0,0.00881238946431098,0,0.295964226377688,0.0357939933542768,0.0065000394766064,0.390707225528031
"TCGA-FS-A1YX-06A-11R-A18T-07",0.0462384121198412,0.0421234660156404,0.0124172826322477,0.357809395546492,0,0.0610749574732745,0,0,0.0182975711947884,0,0.462038915017716
"TCGA-EE-A2MS-06A-11R-A18S-07",0.0793374372827763,0,0,0.586160299461053,0,0.0909743400999661,0,0.0163694219379006,0.0043992806204964,0,0.222759220597807
"TCGA-FS-A4F2-06A-11R-A24X-07",0.0199746432703608,0.0511711604441478,0.0293688176506307,0.225088357083407,0,0.0403349462241034,0,0,0.00740259546078108,0,0.626659479866569
"TCGA-DA-A95W-06A-11R-A37K-07",0.0269727504955188,0,0,0.2993764761242,0,0.0657472584197787,0,0.0167512958598195,0.0157299831200245,0,0.575422235980658
"TCGA-D9-A3Z1-06A-11R-A239-07",0.0155174880515144,0.0221596512632529,0.0273204133484802,0,0.29602757794563,0.00444410722076066,0.00777205831680524,0.0379790894298914,0.0141876735453413,0.0308816139714789,0.543710326906845
"TCGA-RP-A695-06A-11R-A311-07",0.0186232204710161,0.0611633313238235,0.0319746235359275,0.0670062162658768,0.0662382099825774,0.0128261042876897,0.084201873610784,0.0134419932771374,0.0126277936955182,0,0.631896633549649
"TCGA-EE-A3JI-06A-11R-A21D-07",0.020000337508334,0,0,0.154276300864821,0.483611700570884,0.0537481660010502,0,0,0.0295519054984519,0,0.258811589556459
"TCGA-FS-A1ZE-06A-11R-A18T-07",0.0241024017261405,0,0,0.719871429825705,0,0.0705723367790946,0,0,0,0,0.18545383166906
"TCGA-RP-A693-06A-13R-A311-07",0.0248045190008621,0,0,0.653305195844771,0,0.166334367779581,0.06656843391064,0.0329678811806495,0.0560196022834963,0,0
"TCGA-D3-A51J-06A-11R-A266-07",0.0457245992449536,0.0793314132021878,0.00666853974241542,0.28178833148667,0,0.0548100872802615,0,0.151744856051742,0.0604822398217862,0,0.319449933169984
"TCGA-EE-A29S-06A-11R-A18T-07",0.0245098728439892,0.0919486970911791,0.00461933790444069,0.242760341640521,0,0.0513065948202553,0,0.0267845835964287,0.0426686205884599,0,0.515401951514726
"TCGA-GN-A8LL-06A-21R-A37K-07",0.00179567350499937,0,0.0049509273999113,0.176943696316327,0,0.00714659066986634,0.119146750852198,0,0.010276540804684,0,0.679739820452013
"TCGA-EE-A2MT-06A-11R-A18S-07",0.0186231181625962,0.0732472140219604,0,0.220591204132757,0,0.0343699119844023,0.0429988790722042,0.00561226545986926,0.02333341944298,0,0.581223987723231
"TCGA-D3-A8GN-06A-11R-A37K-07",0.0377242685768699,0.0823431480915947,0.0231107706215119,0.161595194310747,0,0.0266464851256186,0,0.0761838010048099,0.033515495296264,0,0.558880836972584
"TCGA-FS-A4FD-06A-11R-A266-07",0.0455492440357269,0,0.0142758325126238,0.191778157827813,0.0027970823311516,0.061544125366068,0,0.00472573780690156,0.0353243776302803,0.035296446163635,0.6087089963258
"TCGA-GN-A265-06A-21R-A18T-07",0.0406498017334981,0.154845325122703,0.0549062524256062,0.131523034528551,0,0.0328948948792308,0,0.0348841966865032,0.104589734477809,0.000368011545963897,0.445338748600135
"TCGA-DA-A95Z-06A-11R-A37K-07",0.0265940505065563,0.0295372394750457,0.0163738167011655,0.151842504259647,0.0451456299536302,0.0358840060448807,0,0.000166387435031464,0.0117863421289475,0,0.682670023495096
"TCGA-DA-A1I4-06A-11R-A18U-07",0.0159712917094919,0.0687198257494842,0.0786062651496579,0.246562663827463,0,0.0412697994102586,0,0,0.0157814195281026,0,0.533088734625542
"TCGA-DA-A1IB-06A-11R-A18S-07",0.180276646669276,0.0903318945769471,0.0451443344629187,0.0308223923418782,0.00563357920393144,0.00761016691528157,0.249754105317217,0.113568145285341,0.0801405016939109,0.0415271510367966,0.155191082496502
"TCGA-ER-A19M-06A-61R-A239-07",0.0107400983867913,0.120476012286877,0.00478844918476819,0.243432611525636,0,0.0215632556871615,0,0.103948912296556,0.0217532526163474,0,0.473297408015863
"TCGA-W3-AA1Q-06A-11R-A38C-07",0.0201961309685498,0.0273276687323413,0.0158981515353272,0.21141557866023,0,0.0479280527941173,0.00367149240316169,0.0253139840845501,0.0407554051714839,0,0.607493535650239
"TCGA-EE-A2M7-06A-11R-A18U-07",0.142693283944255,0,0,0.416079073356398,0,0.126540514847132,0,0,0.13889672729376,0,0.175790400558455
"TCGA-EE-A29N-06A-12R-A18S-07",0.0428538141198145,0.0584671938665207,0.0312435088394681,0.177288371018672,0.208467534063271,0.0355338723722609,0.117956000414085,0.0227048783889312,0.0476470637764636,0,0.257837763140512
"TCGA-FR-A8YE-06A-11R-A37K-07",0.106192952183154,0.019357116906387,0.0535516343739058,0.199880958047725,0,0.0396245805862832,0.266480299778658,0.0222302679549948,0.0928566476847057,0,0.199825542484187
"TCGA-WE-AAA0-06A-11R-A38C-07",0.0602854918628351,0.00834565288348552,0.0242304125345573,0.0955996019810153,0,0.0178294787693801,0.0626475455575512,0.00516977149951214,0.0214453987005675,0.0101071383855246,0.694339507825571
"TCGA-DA-A3F2-06A-11R-A20F-07",0.0419439358386844,0.0471497911773134,0.135296361074388,0.0652159117331219,0.0445296647466649,0.00567585043358788,0,0.199015133048341,0.0342463413844968,0,0.426927010563402
"TCGA-FS-A1ZQ-06A-11R-A18U-07",0.0159294742189979,0.0156863183265357,0.010837736071933,0.237240785226683,0.00139444083037734,0.0353300463927385,0.018774600644855,0.00193370680158943,0.0324916411208412,0,0.630381250365449
"TCGA-EE-A2A1-06A-11R-A18T-07",0.0375843672577626,0.0207793009685759,0.0442808881790031,0,0.301238225301973,0.0163666899199255,0.00790790303360494,0.0276079855057674,0.0262272373038399,0.0117144524467601,0.506292950082788
"TCGA-D3-A5GN-06A-11R-A27Q-07",0.0103523507367084,0.00896129376860644,0,0.525396328977461,0,0.0874346230360049,0,0.0318802274470435,0.0334522222568623,0,0.302522953777313
"TCGA-W3-A828-06A-11R-A352-07",0.0195997889305462,0.019524236424257,0.0758852218388066,0,0.020630463942973,0.0337107258411636,0.0814596920500647,0,0.0216351620322396,0.0485356284163233,0.679019080523626
"TCGA-D9-A4Z6-06A-12R-A266-07",0.0327334022988157,0,0,0.221966232111083,0,0.0430033311063874,0,0,0.0245308771430844,0.018500112341198,0.659266044999432
"TCGA-ER-A19N-06A-11R-A18S-07",0.0388260620215748,0.0792427567206602,0.0478238112357165,0.281719711476362,0,0.0404112290510799,0,0.0840647647153248,0.0490115961115797,0,0.378900068667702
"TCGA-D3-A2J8-06A-11R-A18T-07",0.0186785052593753,0.0431021797799157,0.0289503161465846,0,0.227379744667359,0.00826528243678669,0,0.0748194478102247,0.0306252256730384,0,0.568179298226716
"TCGA-FS-A1YY-06A-11R-A18T-07",0.0119554264574349,0,0.0341927986561023,0.111401949300222,0,0.015584458518622,0.0767155349526563,0,0.00887764529175198,0.0307013526373676,0.710570834185843
"TCGA-EE-A29H-06A-12R-A18S-07",0.0228474972188087,0.00337631074024978,0.024625169974388,0,0.188074174389873,0.00306770756531984,0.0709804963764031,0.00651999101472034,0.0108004421577781,0.0434976106443118,0.626210599918147
"TCGA-EE-A2MI-06A-11R-A18U-07",0,0,0,0.825388468158835,0,0.174611531841165,0,0,0,0,2.22044604925031e-16
"TCGA-EE-A2GI-06A-11R-A18T-07",0.0380671089808108,0.0553030546607265,0.013561962484537,0.179139469702887,0,0.0253628150239915,0,0.0852690629560739,0.0263072217694142,0,0.57698930442156
"TCGA-D3-A3C6-06A-12R-A18U-07",0.00958049652468835,0,0,0.483119490588846,0,0.0982777538837801,0,0,0.0329452560366673,0,0.376077002966019
"TCGA-EE-A2MC-06A-12R-A18S-07",0.00926616437503234,0.108675260259426,0.0282255050533048,0,0.174658487121126,0.0276817240836747,0,0.0905792918050015,0.0265062551554783,0.00195108180818496,0.532456230338771
"TCGA-ER-A195-06A-11R-A18U-07",0.0169575482160313,0.00839436968180332,0.0824752740989049,0.19003908908314,0.0104183355824516,0.11257945025976,0,0.0624380529809948,0.20810631923613,0.0512219259557446,0.257369634905039
"TCGA-EE-A3J7-06A-11R-A20F-07",0.0208420779494827,0,0,0.395081912840688,0,0.0666676136126478,0,0.0097005983049911,0,0,0.507707797292191
"TCGA-ER-A197-06A-32R-A18S-07",0.0249010114494935,0.0389570913672592,0.0806199742843359,0.0765432293955604,0.227767617229268,0.0109858658367801,0,0.0724622831618495,0.0138662719937198,0,0.453896655281734
"TCGA-EB-A44R-06A-41R-A266-07",0.050865313523971,0,0.012204901856095,0.201685091456466,0,0.0337934123422841,0.0396320102844406,0.0772476388649412,0.0130545767285809,0,0.571517054943221
"TCGA-WE-A8ZR-06A-11R-A37K-07",0.0213180372602821,0,0.0416975160453279,0,0.171157044266055,0.0220368283400723,0.11439422428061,0.00182001222030567,0.0207162213219673,0.123709010593739,0.483151105671641
"TCGA-Z2-A8RT-06A-11R-A37K-07",0.0473142493066708,0,0,0.544235872345942,0,0.0734279853206893,0.0344560089448789,0.0186010517709458,0.0384544261814344,0,0.243510406129439
"TCGA-FS-A1ZB-06A-12R-A18S-07",0.0175654281684767,0.0203523275288656,0.100984170962634,0.0953487100246434,0.0290328970998953,0.0207018427590028,0.0984000931168176,0.00144536230620169,0.0223476112619777,0.0116268956636304,0.582194661107855
"TCGA-D3-A2J6-06A-11R-A18T-07",0.00193252407685108,0.0813959928716836,0.0239072347285891,0.0997816034214448,0,0.0301059566783435,0,0.0665699351730293,0.0138594641982253,0.0789735199889973,0.603473768862836
"TCGA-Z2-AA3V-06A-11R-A39D-07",0.0174952115684036,0.0602741214813635,0.087442757379369,0,0.0528143618915679,0.00479547650172624,0.215086687291706,0.0367844512707525,0.0249667233513108,0.0591527771133283,0.441187432150472
"TCGA-FS-A4FB-06A-11R-A266-07",0.0391850454588073,0,0,0.419592882211164,0,0.0948771616085432,0,0,0.0284993954780064,0,0.417845515243479
"TCGA-EE-A2A0-06A-11R-A18T-07",0.0564593683968299,0.0345921317116818,0.080269188308216,0.188700711888939,0,0.0471211665609439,0.0307700181069894,0.0328272714588208,0.0463740890948265,0.0341692359795238,0.448716818493229
"TCGA-WE-A8ZQ-06A-41R-A37K-07",0.0643868079213231,0,0,0.381832371516156,0,0.0750520855381317,0,0,0.0225795441072607,0,0.456149190917128
"TCGA-DA-A1HW-06A-11R-A18U-07",0.0409891901758235,0.0412165291474628,0.026497701359196,0.187257431193026,0.0447953455313263,0.0315816575728841,0,0.0944784124966883,0.053085130031342,0,0.480098602492251
"TCGA-ER-A3PL-06A-11R-A239-07",0,0,0,0.757186189962611,0,0.085537530109374,0,0,0,0,0.157276279928015
"TCGA-YD-A9TB-06A-12R-A40A-07",0.0235433721397944,0,0,0.426958550088049,0,0.0890367351640343,0.0060582800717338,0.00659204654462587,0.0419242532199911,0,0.405886762771772
"TCGA-EE-A2GT-06A-12R-A18S-07",0.0939226460420032,0.0138243174553565,0.0525650308786165,0.0590429372794727,0.0897156523389433,0.0194552521493079,0.308791772006098,0.0172158561764669,0.0663776347852975,0.0724442995590863,0.206644601329352
"TCGA-ER-A19G-06A-11R-A18U-07",0.0215768521295675,0.232965177992399,0.0182485439490194,0.226394874918001,0.0348020856745914,0.0453652935834363,0,0.0194535114940055,0.072175356054765,0,0.329018304204215
"TCGA-EE-A2GH-06A-11R-A18T-07",0.0215148609222529,0.0424083480676,0.0462217056296003,0.0509239071134511,0.12913522128699,0.0176473647686917,0,0.126441324796526,0.0265552478469632,0.00938109728382572,0.529770922284099
"TCGA-EE-A2A5-06A-11R-A18T-07",0.0503394772446287,0,0.000525004584248704,0.320350168284601,0,0.0632791413320563,0,0,0.0156715608783992,0,0.549834647676067
"TCGA-EE-A185-06A-11R-A18S-07",0.00476455485662603,0.0362453999240493,0.0119999381163012,0.0567213164218942,0.0955433702602846,0.0102530068747615,0.0124638628998459,0,0.0132382330332617,0.067942295460126,0.690828022152849
"TCGA-FS-A1ZM-06A-12R-A18S-07",0,0,0,0.903688967723724,0,0.096311032276276,0,0,0,0,1.11022302462516e-16
"TCGA-EE-A3JD-06A-11R-A20F-07",0.171984293530474,0.0713549782273521,0.0143904621701879,0.219983456812061,0,0.0602283710633855,0.202690533256462,0.0819709651314324,0.0557218057206312,0.00561166640324594,0.116063467684768
"TCGA-FS-A4FC-06A-11R-A24X-07",0.0114713329682461,0,0,0.820897303226496,0,0.119924703431961,0,0,0,0,0.0477066603732973
"TCGA-D3-A8GI-06A-11R-A37K-07",0.0147785108673578,0.0263894080006932,0.0224307185836043,0.123411630281081,0.0472183978317857,0.0270045734207888,0.0935889958938486,0,0.0240494391440464,0,0.621128325976794
"TCGA-EB-A44Q-06A-11R-A266-07",0.0217162791191171,0.046922678260925,0.036693846331347,0,0.217801861892294,0.00711169209134348,0,0.0548181986526592,0.0495485128674926,0.0419395848821883,0.523447345902634
"TCGA-EE-A3AC-06A-11R-A18S-07",0.0438724400353942,0.033250611755735,0.0353451191636166,0.258607617439755,0,0.0567654639540102,0.00154313289777861,0.0483613893851758,0.0446363130019587,0.00380599614194234,0.473811916224634
"TCGA-D3-A8GV-06A-11R-A37K-07",0.0126941224810155,0.0117806700686936,0.0118939750665124,0.164976993466896,0,0.0364564534345365,0.0555000406316636,5.37703493205274e-05,0.0214412619857136,0,0.685202712515648
"TCGA-EE-A2A2-06A-11R-A18T-07",0.0200895163324274,0.00597979700727633,0.0176924243114407,0,0.534055504708475,0.00703195991015794,0.0142717157197472,0.00426977126174062,0.0118645932951924,0,0.384744717453543
"TCGA-EE-A20F-06A-21R-A18S-07",0.016030107662253,0.0822038280070391,0.0251569953362861,0.120467692171293,0.0562060499993935,0.0259952436111671,0,0.0314163494664607,0.0274409011239889,0,0.615082832622118
"TCGA-EE-A182-06A-11R-A18T-07",0.00476181871525373,0.0106921130456493,0.0696074475969698,0.0552730859523493,0,0.0381253222364185,0.0546154922520018,0.00573346874628707,0.00710295978220859,0.0819591432055197,0.672129148467342
"TCGA-D3-A1Q9-06A-11R-A18T-07",0.0125183590154727,0.00429094151849596,0.0414795656505437,0.22250160297023,0.00822723534407451,0.0439857050981862,0.00123324070582758,0.0323443132258993,0.0296039073226249,0.0265848507904537,0.577230278358192
"TCGA-EE-A3AE-06A-11R-A18S-07",0.035168663374384,0.050189543080309,0.00298895623535463,0.242930121727084,0.0206457686942849,0.0659901765056453,0.0361091556570388,0.0418379235021485,0.0357372025372523,0,0.468402488686498
"TCGA-W3-AA1V-06B-11R-A40A-07",0.00416016571830635,0,0.0239645021435508,0,0.295412110718765,0.00902947190193401,0.0249246823533276,0.000695288201197212,0.0114512756982185,0,0.6303625032647
"TCGA-FS-A1ZR-06A-21R-A18U-07",0.072915686294366,0,0,0.451770678534081,0,0.0763299663969001,0,0,0.0164374850048731,0,0.38254618376978
"TCGA-EE-A2GR-06A-11R-A18S-07",0.0216141089992234,0,0,0.473971354845815,0,0.0890515928396914,0.00138320347262949,0,0.0213044984497368,0,0.392675241392903
"TCGA-D3-A1Q1-06A-21R-A18T-07",0.0212970470895184,0,0,0.891591753570258,0,0.0871111993402234,0,0,0,0,0
"TCGA-EE-A2GS-06A-12R-A18S-07",0.0143613781704895,0,0,0.52054729239956,0,0.0871717606495462,0,0.000318294411203844,0.0211087306709148,0,0.356492543698286
"TCGA-EE-A29G-06A-12R-A18T-07",0.0108096977939526,0.000402300618178126,0.0397240205060272,0,0.297561397314733,0.0195194752887225,0,0,0.00962203727469896,0.00013123794153194,0.622229833262155
"TCGA-D9-A6EC-06A-11R-A311-07",0.0513637857928593,0.119713977327285,0.0369307055232929,0.127275624673357,0.0256392604407572,0.0256157715832257,0.0857208237535733,0.000110090196644586,0.0218142215051889,0,0.505815739203816
"TCGA-D3-A3BZ-06A-12R-A18S-07",0.027260283852091,0.0571309488117584,0.0459915272205537,0.0252652349158359,0.0685076282079307,0.014286112899312,0.11575540703814,0.0553495802276735,0.0258398910499846,0.0241597700749687,0.540453615701752
"TCGA-DA-A3F8-06A-11R-A20F-07",0.030285635383752,0.140825721182151,0,0.384006679702183,0,0.0408163047146946,0,0.362502659855929,0.0415629991612901,0,0
"TCGA-EE-A3J3-06A-11R-A20F-07",0.029001172204856,0,0.00120210509222206,0.406222498106283,0,0.0625910006715219,0,0.00360142188766881,0.0211340548860038,0,0.476247747151444
"TCGA-D9-A6EA-06A-11R-A311-07",0.0429311164351875,0,0,0.310118402446439,0,0.0508806571021291,0.10810919964056,0,0.015213930535504,0,0.472746693840181
"TCGA-DA-A3F3-06A-11R-A20F-07",0.0600241594703374,0.0114000298816259,0,0.236572598281316,0.0246626479248028,0.0444522027460621,0,0,0.0224757714107359,0.0491630373786093,0.551249552906511
"TCGA-3N-A9WC-06A-11R-A38C-07",0.0168926376848744,0.0398747190187263,0.025925679034298,0,0.349831547692737,0.0197203130771527,0,0.0684417045487337,0.0216954500468083,0,0.457617948896669
"TCGA-D9-A3Z3-06A-11R-A239-07",0.0675603538846651,0.0077444916703944,0.020777137838847,0.288201148257239,0,0.0248309998584185,0.0256600869954495,0.0176323273674397,0.0387812472778658,0,0.508812206849681
"TCGA-D3-A8GS-06A-12R-A37K-07",0.0351649653059203,0,0,0.486733442489686,0,0.0579409609945348,0,0.0570813206229582,0.0132732145709644,0,0.349806096015936
"TCGA-3N-A9WB-06A-11R-A38C-07",0.0196663835415644,0,0.00841245597458699,0.126178751735649,0,0.0225214095301716,0.0160806405583913,0,0.0207279716409958,0,0.78641238701864
"TCGA-EE-A2M6-06A-12R-A18S-07",0.0272394881499189,0.133224321215912,0,0.476554155630652,0,0.0989498622198807,0,0,0.0430497709391925,0,0.220982401844445
"TCGA-EE-A3J4-06A-11R-A20F-07",0.0168605246038685,0,0,0.44628166056783,0,0.084477756348994,0,0,0.0179583791955729,0,0.434421679283735
"TCGA-D3-A8GK-06A-11R-A37K-07",0.00597556592140324,0,0.0200970102754851,0.167392279469404,0.0878063113242937,0.0368157379001972,0,0,0.00757483167953034,0,0.674338263429686
"TCGA-D3-A3CE-06A-11R-A18S-07",0.0498792505858291,0.0342892766992796,0.00497381787555907,0.369958160524635,0,0.0583065956362036,0,0.0839293655473655,0.0284530996003351,0,0.370210433530793
"TCGA-D9-A1JW-06A-11R-A18S-07",0.0212890738464414,0.0149409965032851,0.0475885772928044,0.0163880674550433,0.13752362862496,0.00628589042002224,0.0391617468289229,0.0383107466378246,0.0230221070685645,0.0479165590363436,0.607572606285788
"TCGA-FS-A4F5-06A-11R-A266-07",0.018346382366765,0,0,0.589665915796468,0,0.0818974606471379,0,0,0.00114939406291824,0,0.308940847126711
"TCGA-WE-AAA4-06A-12R-A38C-07",0.00243114987371848,0.249576912897574,0.052531528622118,0.258179350487339,0.0135909797678535,0.0211763561929452,0,0.204460788017118,0.0284275418150021,0,0.169625392326332
"TCGA-EE-A29L-06A-12R-A18S-07",0.0173751181819183,0,0.00855943061799251,0,0.138232388628639,0.0134316875680239,0.0261989754228643,0,0.00690201734736696,0.0871896577304147,0.702110724502781
"TCGA-3N-A9WD-06A-11R-A38C-07",0.0509878474328376,0.0191005984502061,0.0471458029774808,0.120503331183187,0.0454364177584839,0.0383737378412371,0,0.0325973900697062,0.0421799548224643,0,0.603674919464397
"TCGA-EE-A2GJ-06A-11R-A18U-07",0.0254603808862677,0.0465045758032743,0.0130860714821157,0.358678159019951,0.0470949398772684,0.0640775594164504,0,0.0523439417476043,0.0251613954406082,0,0.36759297632646
"TCGA-WE-A8ZO-06A-11R-A37K-07",0.00279086536222636,0.0130634057058748,0.0233319079475698,0.0317947315988238,0.650172456011306,0.0252085488025762,0,0.0124506701778383,0.00700109214362933,0,0.234186322250156
"TCGA-WE-A8ZT-06A-11R-A37K-07",0.0574547632947655,0,0,0.694586036851823,0,0.137359541204217,0,0,0,0,0.110599658649194
"TCGA-WE-A8ZY-06A-11R-A37K-07",0.0221809914041643,0.0272041119443604,0.0189675015499351,0,0.248953156736135,0.00867499276680682,0.0759554178733716,0.000694421908224582,0.010844047551905,0.00264421996945032,0.583881138295647
"TCGA-DA-A1I1-06A-12R-A18U-07",0.0162905992028039,0.12486994643025,0.00850320971332666,0.398588054308896,0,0.0603862423457958,0,0.0312008801986402,0.0419252019259123,0,0.318235865874375
"TCGA-GN-A26A-06A-11R-A18T-07",0.00973729115446742,0.142240227643951,0.0086974612566819,0.277693699892042,0,0.0550836338353012,0,0.0186533299222174,0.0307229046340376,0,0.457171451661302
"TCGA-EE-A183-06A-11R-A18S-07",0.0783497366795166,0.0444819754603673,0.0217267590190546,0.137240904106864,0,0.0130424402529904,0.167420388322536,0.0210475136425498,0.0405200105638707,0.014340637235208,0.461829634717043
"TCGA-GN-A264-06A-11R-A18U-07",0.00657539359498971,0,0,0.502623230460326,0,0.109214285011158,0.0323679221426731,0,0.0341574358631026,0,0.31506173292775
"TCGA-YD-A89C-06A-11R-A37K-07",0.0320057960305397,0,0,0.300629803307928,0,0.0818975594746027,0,0,0.0300475169055566,0,0.555419324281373
"TCGA-FS-A1Z4-06A-11R-A18T-07",0.11984091876575,0.0369505649023505,0.0398344384771506,0.217384402641617,0,0.0332509871335948,0.0982968378936207,0.0231823460832159,0.112133474120421,0,0.319126029982279
"TCGA-EE-A29B-06A-11R-A18U-07",0.0371971530480546,0.0111341443739614,0.0352428356150281,0.0273756136240457,0.0720789680970826,0.0126730032288188,0.185804298751112,0.00110991594027653,0.0206668593279899,0,0.596717207993631
"TCGA-EE-A2GL-06A-11R-A18S-07",0.149350306836461,0,0.00292407881501471,0.438420575929642,0,0.0725675434575732,0.126110659160448,0.0552481837804822,0.064712211877251,0,0.0906664401431266
"TCGA-WE-A8K1-06A-21R-A37K-07",0.0250466551461191,0.0255991032018304,0.0268971417242456,0.0639908310253751,0.013725730275865,0.0172106390108366,0.0336602594424887,0.0827343803294441,0.0438226953391152,0.0530896816478585,0.614222882856822
"TCGA-EE-A2MH-06A-11R-A18S-07",0.0847370720174761,0.00768203625038487,0.0272227995703364,0.305931201316134,0,0.0462260507671145,0.0646726822261566,0.0392114422337902,0.0447963822059153,0,0.379520333412692
"TCGA-D3-A5GL-06A-11R-A27Q-07",0.0109920284136493,0,0.015732237898947,0.0879853214508174,0.258087129120894,0.0268971592983226,0.0327019379534299,0,0.00757416923939075,0,0.560030016624549
"TCGA-EE-A3AA-06A-11R-A18S-07",0.0844819529631044,0.087484088325005,0.0252130948023138,0.176401886094181,0,0.0328532184213415,0.0113323436055604,0.0316439595446599,0.0532868795388465,0,0.497302576704987
"TCGA-EE-A2M5-06A-12R-A18S-07",0.00640689469879399,0.015334533916545,0.000525870329126522,0,0.0987571845363043,0.00865338844884373,0,0.0269482792258349,0.0103963389520596,0.0218837286716754,0.811093781220817
"TCGA-EE-A3JE-06A-11R-A20F-07",0.0424157085513679,0.0559007750233483,0.058263043570367,0.36646239842334,0,0.029080590382667,0,0.303956901735674,0.0420337339895371,0,0.101886848323699
"TCGA-D3-A1QB-06A-11R-A18T-07",0.0328768874277328,0.0936507525075922,0.0350093361256506,0.133673465924164,0,0.00713349140799929,0,0.248400061256387,0.0312309763629493,0,0.418025028987524
"TCGA-GN-A26D-06A-11R-A18T-07",0.0121162355517292,0.000870346420590923,0.0204208330537257,0.437484370720121,0,0.0669374064741656,0,0,0.0106340997601828,0,0.451536708019485
"TCGA-GF-A6C8-06A-12R-A311-07",0.0190650328194575,0,0,0.617756949166238,0,0.117814881552729,0,0.0228492668980724,0.0434329801019002,0,0.179080889461603
"TCGA-EE-A29T-06A-11R-A18T-07",0.0216250106072159,0.109885752615802,0.0590797296390207,0.290384652647031,0,0.0362571436482843,0,0.0419670550911269,0.0150397377288634,0,0.425760918022655
"TCGA-ER-A19E-06A-11R-A18S-07",0.029937619068687,0,0,0.84858900720221,0,0.121473373729103,0,0,0,0,1.11022302462516e-16
"TCGA-WE-A8JZ-06A-11R-A37K-07",0.0285022252378151,0,0.0120904609619784,0.193790793457775,0,0.0289848392061027,0.0533999999472541,0.00521848030281806,0.0109645283834452,0,0.667048672502812
"TCGA-FR-A7UA-06A-32R-A352-07",0.0276907572520659,0.239764338390103,0.00642633459410968,0.102840241340374,0,0,0,0.619531852132746,0.0037464762906013,0,1.11022302466384e-16
"TCGA-DA-A95Y-06A-11R-A37K-07",0.0217777721063591,0,0.0117512418679825,0.15025130840181,0,0.0169654102727908,0.0648556923786204,0,0.0089096311962482,0.00905081954303749,0.716438124233151
"TCGA-D3-A2JH-06A-11R-A18T-07",0.0275161662546241,0.0339690159190641,0,0.337754885713411,0.0443119470777871,0.0324795783645662,0,0.353719778019003,0.0398381348143775,0,0.130410493837167
"TCGA-WE-AA9Y-06A-12R-A38C-07",0.0300752250848951,0.00862263978874042,0.0240832748726184,0.157658266967306,0,0.0549887181866037,0.0280105669115172,0.00409077451429952,0.0212076440611384,0,0.671262889612882
"TCGA-ER-A1A1-06A-11R-A18U-07",0.401675074880975,0.0310559182335259,0.0209764884099569,0,0,0.000605615693516376,0.344738496071607,0.0113713451314781,0.171791357007436,0.017785704571505,0
"TCGA-EE-A2MU-06A-21R-A18S-07",0.0236619444724238,0.0673289336022386,0.0502080846584159,0.277704597865797,0.000676039971111795,0.0288745410099843,0.0338807717444778,0.0821412844779703,0.0573502089130143,0,0.378173593284566
"TCGA-D3-A8GL-06A-11R-A37K-07",0.0670756081634992,0,0,0.196269670388969,0,0.0184617775956803,0.242790871400038,0,0.0229574427144865,0,0.452444629737328
"TCGA-DA-A1HV-06A-21R-A18S-07",0.035100303558829,0.0613027514051635,0.00220419859450859,0.296595298724449,0,0.0372008345987214,0,0.0821872178764926,0.0272899673618596,0,0.458119427879976
"TCGA-D3-A8GC-06A-11R-A37K-07",0.0364348769242095,0.0575859232977366,0.0165100150773086,0.114651477336676,0.121527217997286,0.0258743895260673,0,0.00187653712890706,0.0198325517065134,0,0.605707011005295
"TCGA-D3-A2J9-06A-11R-A18T-07",0.116754850595259,0.0944751724391531,0.0301639008492052,0.145747259154118,9.91327084079632e-05,0.0172676058231799,0.0302552866876008,0.381408009872213,0.078362969758411,0,0.105465812112451
"TCGA-RP-A690-06A-11R-A311-07",0.0275724765796516,0,0.069703937033145,0,0.153129154246844,0.0131347213774043,0.0158084084331658,0,0.00337875182936894,0,0.717272550500421
"TCGA-D9-A1X3-06A-11R-A18S-07",0.0140278781500435,0,0,0.702772496773571,0,0.120099439548516,0,0,0.0125343404435555,0,0.150565845084314
"TCGA-EE-A3AG-06A-31R-A18S-07",0,0,0,0.548886429937563,0,0.0775628184972772,0,0.000545932215747349,0,0,0.373004819349413
"TCGA-WE-A8ZN-06A-11R-A37K-07",0.0134732255533228,0.00811433229154845,0.0445782660125752,0.0295473328887015,0.0345685479958642,0.0092352336645395,0.0215599800403891,0.0478235576657352,0.02041029549144,0.00635936130967549,0.764329867086209
"TCGA-GF-A3OT-06A-23R-A239-07",0.00362650174869671,0.309162187703664,0,0,0.166643482896478,0.00420490554682145,0,0.00913404400304916,0,0,0.50722887810129
"TCGA-QB-A6FS-06A-11R-A311-07",0.0390253006799611,0.0750893170335792,0.037356645568231,0.170073348459299,0,0.0146084462917241,0.0472430423434527,0.0600055637723406,0.0360985984756209,0,0.520499737375791
"TCGA-D3-A1QA-06A-11R-A18T-07",0.0156310451177037,0.00673773458419502,0.0194169667599643,0,0.412741496264165,0.00574120973701544,0.0633160571791169,0.0037051204114641,0.0102503048958718,7.56368882849552e-05,0.462384428162219
"TCGA-D3-A3C3-06A-12R-A18S-07",0.0168667807740957,0.00450209093838296,0.0289385169286001,0.219456208168976,0,0.0575127337699558,0.0563581245600424,0.0294981042802658,0.0377255707542162,0,0.549141869825465
"TCGA-EE-A17Z-06A-11R-A18S-07",0.0105923895820514,0,0,0.377135286930248,0,0.0966958054571425,0.0646506225564799,0,0.0216005438410339,0.00759845739128465,0.42172689424176
"TCGA-ER-A19J-06A-11R-A18S-07",0.0376584557311155,0.0156807010245298,0.0133722256567619,0.298712823542019,0.0604735983717663,0.0598256781630258,0,0.000851114145960557,0.0210320572225013,0,0.49239334614232
"TCGA-YD-A9TA-06A-11R-A39D-07",0.0555971483716243,0.0643898915168655,0.0486732222089469,0,0.0432460445954838,0.0215895229231681,0,0.0164769508138611,0.022895722060412,0.175248617067561,0.551882880442077
"TCGA-D9-A6EG-06A-12R-A32P-07",0.0146480997987424,0,0.0258689765098042,0,0.288899502525521,0.00803616326408573,0.0573919176726616,0,0.0201152409798257,0.00389793528932285,0.581142163960037
"TCGA-EE-A29P-06A-11R-A18T-07",0,0.0446294228820024,0,0.73646277054425,0,0.0670284867152823,0,0.151879319858465,0,0,1.11022302462516e-16
"TCGA-EE-A20B-06A-11R-A18U-07",0.00358197744896694,0,0,0.709280973057766,0,0.10017581815442,0,0.020101722653075,0.0743419262821511,0,0.0925175824036213
"TCGA-FR-A8YC-06A-11R-A37K-07",0.0402198761160806,0.0229602426362018,0.00250657202859237,0.21217084509095,0,0.0378671442497473,0.0407469842114356,0.0310693132581799,0.0101573383878672,0,0.602301684020946
"TCGA-WE-A8ZM-06A-11R-A37K-07",0.0173178809992146,0,0,0.466015459186208,0,0.100956713239761,0,0,0.0228694026471441,0,0.392840543927672
"TCGA-EE-A29C-06A-21R-A18S-07",0.00433168210296665,0.00871847991071953,0.0382451122114629,0.0703337428781237,0.0340296212585684,0.0166079527524379,0.0670495242229082,4.96684505241711e-05,0.0154988949060087,0.0879160791985125,0.657219242107767
"TCGA-D3-A2JK-06A-11R-A18S-07",0.019603646372667,0,0.0340885575820111,0.274358642794062,0,0.0652019813198159,0,0,0,0,0.606747171931444
"TCGA-FR-A69P-06A-21R-A311-07",0.0130587207760179,0,0,0.482020078682844,0,0.0732266446595345,0,0,0.00821903454947249,0,0.423475521332131
"TCGA-D9-A1JX-06A-11R-A18S-07",0.0153766821264141,0.0126547228390275,0,0.623850978858182,0,0.0888299304520296,0,0.0942424688324232,0.0268866854759555,0,0.138158531415968
"TCGA-FS-A1ZG-06A-11R-A18T-07",0.02861931065987,0,0.0167011083207391,0.0617016434552475,0,0.0329892967430003,0.118387534196037,0,0.0184952766476179,0.149923895900772,0.573181934076717
"TCGA-FR-A729-06A-11R-A352-07",0.0665668788930284,0.0506939709748897,0.0231254310755567,0.315202612649729,0.00805778534637418,0.0603343476305578,0,0.123944542925711,0.0729823704721151,0,0.279092060032038
"TCGA-EE-A2ME-06A-11R-A18T-07",0.0999581781025882,0.0608139681570648,0.0338977437864111,0.14561002875038,0,0.0182647555575841,0.305994821959563,0.223064212093984,0.0797568757432659,0,0.032639415849158
"TCGA-WE-AAA3-06A-11R-A38C-07",0.0175962922777818,0.0226209978274436,0.0261454870128516,0.071492609962128,0.113682215178719,0.0291213610902727,0,0.0437799440375785,0.0180328716091482,0.109077601443616,0.548450619560461
"TCGA-D3-A8GO-06A-11R-A37K-07",0.0885045430783773,0.00377893943637223,0,0.269629733399742,0,0.0417383304563898,0,0.00394615949168921,0.0174693593461142,0,0.574932934791316
"TCGA-EE-A29W-06A-11R-A18U-07",0.0479887418864909,0,0,0.54476339274012,0,0.0964617266972889,0,0,0,0,0.3107861386761
"TCGA-DA-A95X-06A-11R-A37K-07",0.0277354866335878,0.132008990422188,0,0.299325788286993,0,0.0511753437930919,0,0.0108697783227737,0.0410605213602013,0,0.437824091181164
"TCGA-EE-A2MD-06A-11R-A18T-07",0.0516633785904348,0.0245212873055668,0.00961095952784297,0.0805177866833428,0.170150835218569,0.00638144927788979,0.257012449990035,0.0047538608626763,0.0342267365962911,0.0270632071324485,0.334098048814903
"TCGA-EB-A5UN-06A-11R-A311-07",0.0197910197419662,0.139150230470061,0.0409378414106215,0.193629472680913,0,0.038537601862676,0,8.93301661397633e-05,0.0382648702670735,0,0.529599633400548
"TCGA-DA-A3F5-06A-11R-A20F-07",0.0004457263900529,0.301983694125525,0,0,0,0.0259433641476776,0,0,0.033853949105387,0,0.637773266231358
"TCGA-D3-A2JC-06A-11R-A18T-07",2.31755304872886e-05,0.226587245490759,0.00523947880268573,0.291689314772432,0,0.0368699210767307,0,0.0464853620941911,0.0644753502834397,0,0.328630151949274
"TCGA-D3-A8GE-06A-11R-A37K-07",0.0328601797943327,0,0.0123857673902173,0.623523172634562,0,0.130582124832604,0,0,0.142171034796062,0,0.0584777205522222
"TCGA-D3-A2JB-06A-11R-A18T-07",0.207027840764405,0.0276069165960614,0.0197191296811364,0.133917551024644,0,0.024573295740914,0.0434258140589097,0.0553784011160691,0.0975885469791343,0.0201386555824731,0.370623848456252
"TCGA-D3-A1Q7-06A-11R-A18T-07",0.0396390597125597,0.0799948663982952,0.0397392422844371,0.316648167192197,0,0.0324045448444653,0,0.212772156189453,0.0606067427365672,0,0.218195220642026
"TCGA-DA-A1I7-06A-22R-A18S-07",0.00973061094647274,0.351488111772473,0,0,0,0.0560353160022286,0,0,0.0308125854891031,0,0.551933375789723
"TCGA-ER-A19H-06A-12R-A18S-07",0.0527248882208232,0.00903329402747521,0.0079885321124728,0.391467555711239,0,0.0756321773472581,0,0.0526661986269731,0.0599432906203165,0,0.350544063333442
"TCGA-ER-A199-06A-11R-A18T-07",0.142779782707714,0.0889704350625731,0,0.564208866652293,0,0.060569258229927,0,0.09338377617886,0.0500878811686321,0,0
"TCGA-DA-A1I5-06A-11R-A18T-07",0.0434313988296424,0.0246799967294205,0.0439288825601619,0.19767952945847,0,0.028596277660879,0.168938362713936,0.0423895640694777,0.0389155537221547,0,0.411440434255858
"TCGA-EE-A2GB-06A-11R-A18T-07",0.0209897533183084,0,0,0.578951981793062,0,0.0688769690729315,0.0196717329438456,0,0.00402861790916343,0,0.307480944962689
"TCGA-D3-A51K-06A-11R-A266-07",0.0321420423997122,0.00287842595355199,0.041291794796937,0.0934307114935614,0,0.0297828753399681,0.0197451040913128,0.0175833650302395,0.0123041319090471,0,0.75084154898567
"TCGA-EE-A2MG-06A-11R-A18T-07",0.134429509829266,0.0139340709074543,0.0709475039803553,0.0637101663329325,0.198003364646942,0.0195125597796406,0.213006755166382,0.0469740525292651,0.0296266762782589,0,0.209855340549503
"TCGA-D3-A1Q4-06A-11R-A18T-07",0.0112874983586141,0,0,0.727911370956734,0,0.128398224291223,0,0,0.0147743531912021,0,0.117628553202227
"TCGA-D3-A2JP-06A-11R-A18S-07",0.0480750655566099,0.0254820309495084,0.0304669084318302,0.209172534234966,0,0.0469685036403381,0,0.0437639120591153,0.0281518436281331,0,0.567919201499499
"TCGA-EE-A2MQ-06A-11R-A18S-07",0.0241484380403124,0,0.00812609354556298,0.395899616466388,0,0.046764948924183,0,0.00239709952485278,0.0431709982424898,0,0.479492805256211
"TCGA-FS-A1ZD-06A-11R-A18T-07",0,0,0,0.890419227178754,0,0.109580772821246,0,0,0,0,0
"TCGA-GF-A4EO-06A-12R-A24X-07",0.0619427162403564,0.132092665015791,0.0310756859497504,0.14772855051836,0,0.0318875804282836,0,0.175453943336331,0.0709581702791614,0,0.348860688231966
"TCGA-EE-A29D-06A-11R-A18T-07",0.0211291271076965,0,0.0429067137927874,0.273275456142224,0,0.0601916592929878,0.0849371713058475,0,0.0198377817038445,0,0.497722090654613
"TCGA-W3-A824-06A-21R-A352-07",0.0117117187098446,0.0413564711919827,0.0238520882155933,0.26917872581249,0,0.0519712181205637,0,0.0902774210419328,0.0241004516261337,0,0.487551905281459
"TCGA-OD-A75X-06A-12R-A32P-07",0.0190576840162136,0,0,0.712580536699111,0,0.0930987409637262,0,0,0.00361220971706273,0,0.171650828603886
"TCGA-FR-A3YN-06A-11R-A239-07",0.0216223624011226,0.0209626722079628,0.0200972365992447,0.275565980154627,0,0.0323210227800449,0,0.0492290169724623,0.0383381569868203,0,0.541863551897715
"TCGA-YG-AA3P-06A-11R-A38C-07",0.0432503431737727,0,0,0.197180348542217,0,0.0370998435373629,0,0,0,0,0.722469464746648
"TCGA-ER-A19S-06A-11R-A18U-07",0.0301830613252188,0.0836209528344539,0,0.462432905464583,0,0.040031691188313,0,0.367551307842974,0.0161800813444571,0,1.11022302470583e-16
"TCGA-EE-A3J5-06A-11R-A20F-07",0.0148355236542448,0.0331696342975576,0.0179306234865474,0.13460556716465,0.0422218677154411,0.0188983263449293,0.000380755859656066,0.046900722143067,0.0233944973834286,0.0483399334803585,0.619322548470119
"TCGA-ER-A19P-06A-11R-A18S-07",0.112630736890305,0.0551378265149982,0.0245646745283408,0.267445592047866,0,0.0317361003884542,0,0.281511921497668,0.149202056043422,0,0.0777710920889447
"TCGA-EB-A5UL-06A-11R-A311-07",0.0459925391700718,0.0170029994766165,0,0.201974950545101,0,0.0280252494788256,0.0670675796508715,0.0474120313016006,0.0331180319464231,0.00237296051521437,0.557033657915275
"TCGA-EE-A29R-06A-11R-A18T-07",0.0360662012599487,0,0,0.476994618561945,0,0.0712929306786082,0,0,0.00334283184533161,0,0.412303417654167
"TCGA-ER-A42L-06A-11R-A24X-07",0.0325581755298852,0.0652212645956223,0.114529536647786,0.247264734355798,0,0.0478647248332762,0.00418917199838815,0.119226431507588,0.0301135666764905,0,0.339032393855166
"TCGA-EE-A3J8-06A-11R-A20F-07",0.0364763464840982,0,0,0.228227950214654,0,0.036593295283299,0,0,0.00170646320892433,0,0.696995944809025
"TCGA-D3-A3CB-06A-11R-A18S-07",0.0955790920261798,0.0873389953062811,0.0782580263758582,0.185551449494809,0,0.0276570892986458,0.00501348971962019,0.224857318791404,0.0791962595061196,0,0.216548279481082
"TCGA-YG-AA3O-06A-11R-A38C-07",0.0247418798132398,0.011147659710341,0.0105241441765894,0.088378527931604,0.0475086859859877,0.0144694289226107,0.0336796235213474,0.0147656707861424,0.0600534363749703,0.0388615615827395,0.655869381194428
"TCGA-EB-A5KH-06A-11R-A27Q-07",0.00959079011199661,0,0,0.314517555560722,0,0.0454256790070284,0.104553213737712,0,0.0111677036029188,0,0.514745057979622
"TCGA-FR-A7U8-06A-21R-A352-07",0,0,0,0.303024371189105,0.105801923736157,0.0870784664229287,0,0,0,0,0.50409523865181
"TCGA-D3-A2J7-06A-11R-A18T-07",0.0266382598494023,0.0289946306171233,0.0308620696306474,0.352947680237602,0,0.0628929267950716,0.075246479045899,0.0403991094852121,0.0434751566165009,0,0.338543687722542
